year,country,Isocode,e-participation_index_(idx)
2004,Afghanistan,AFG,0.0328
2004,Albania,ALB,0.0328
2004,Algeria,DZA,0.0328
2004,Andorra,AND,0.0328
2004,Angola,AGO,0.0492
2004,Antigua And Barbuda,ATG,0.0000
2004,Argentina,ARG,0.2459
2004,Armenia,ARM,0.0328
2004,Australia,AUS,0.6721
2004,Austria,AUT,0.4426
2004,Azerbaijan,AZE,0.0164
2004,Bahamas,BHM,0.0328
2004,Bahrain,BHR,0.0492
2004,Bangladesh,BGD,0.0000
2004,Barbados,BRB,0.0328
2004,Belarus,BLR,0.2623
2004,Belgium,BEL,0.6066
2004,Belize,BLZ,0.0164
2004,Benin,BEN,0.0164
2004,Bhutan,BTN,0.0000
2004,Bolivia,BOL,0.1475
2004,Bosnia And Herzegovina,BIH,0.0164
2004,Botswana,BWA,0.0164
2004,Brazil,BRA,0.2459
2004,Brunei Darussalam,BRN,0.0328
2004,Bulgaria,BGR,0.2131
2004,Burkina Faso,BFA,0.0328
2004,Burundi,BDI,0.0000
2004,Cote d'Ivoire,CIV,0.0000
2004,Cabo Verde,CPV,0.1148
2004,Cambodia,KHM,0.1475
2004,Cameroon,CMR,0.0492
2004,Canada,CAN,0.9016
2004,Central African Republic,CAF,0.0000
2004,Chad,TCD,0.0000
2004,Chile,CHL,0.6066
2004,China,CHN,0.0820
2004,Colombia,COL,0.6230
2004,Comoros,COM,0.0656
2004,Congo,COD,0.0656
2004,Costa Rica,CRI,0.0656
2004,Croatia,HRV,0.1967
2004,Cuba,CUB,0.0164
2004,Cyprus,CYP,0.0656
2004,Czech Republic,CZE,0.2131
2004,Democratic People'S Republic Of Korea,PRK,0.0000
2004,Democratic Republic Of The Congo,COG,0.0000
2004,Denmark,DNK,0.7377
2004,Djibouti,DJI,0.0000
2004,Dominica,DMA,0.0000
2004,Dominican Republic,DOM,0.1475
2004,Ecuador,ECU,0.0492
2004,Egypt,EGY,0.0164
2004,El Salvador,SLV,0.2459
2004,Equatorial Guinea,GNQ,0.0000
2004,Eritrea,ERI,0.0000
2004,Estonia,EST,0.6393
2004,Eswatini,SWZ,0.0328
2004,Ethiopia,ETH,0.0000
2004,Fiji,FJI,0.0328
2004,Finland,FIN,0.5738
2004,France,FRA,0.4590
2004,Gabon,GAB,0.0000
2004,Gambia,GMB,0.0492
2004,Georgia,GEO,0.0164
2004,Germany,DEU,0.5902
2004,Ghana,GHA,0.0328
2004,Greece,GRC,0.1148
2004,Grenada,GRD,0.0000
2004,Guatemala,GTM,0.0656
2004,Guinea,GIN,0.0000
2004,Guinea-Bissau,GNB,0.0000
2004,Guyana,GUY,0.0492
2004,Haiti,HTI,0.0000
2004,Honduras,HND,0.2623
2004,Hungary,HUN,0.3934
2004,Iceland,ISL,0.1148
2004,India,IND,0.1311
2004,Indonesia,IDN,0.2623
2004,Iran (Islamic Republic Of),IRN,0.0328
2004,Iraq,IRQ,0.0328
2004,Ireland,IRL,0.2295
2004,Israel,ISR,0.2787
2004,Italy,ITA,0.2295
2004,Jamaica,JAM,0.0492
2004,Japan,JPN,0.2787
2004,Jordan,JOR,0.0492
2004,Kazakhstan,KAZ,0.1311
2004,Kenya,KEN,0.0656
2004,Kiribati,KIR,0.0000
2004,Kuwait,KWT,0.0164
2004,Kyrgyzstan,KGZ,0.2131
2004,Lao People'S Democratic Republic,LAO,0.0000
2004,Latvia,LVA,0.1639
2004,Lebanon,LBN,0.0820
2004,Lesotho,LSO,0.0164
2004,Liberia,LBR,0.0000
2004,Libya,LBY,0.0000
2004,Liechtenstein,LIE,0.0984
2004,Lithuania,LTU,0.0820
2004,Luxembourg,LUX,0.1475
2004,Madagascar,MDG,0.0820
2004,Malawi,MWI,0.0164
2004,Malaysia,MYS,0.1148
2004,Maldives,MDV,0.0328
2004,Mali,MLI,0.0000
2004,Malta,MLT,0.4590
2004,Marshall Islands,MHL,0.0164
2004,Mauritania,MRT,0.0328
2004,Mauritius,MUS,0.1475
2004,Mexico,MEX,0.7705
2004,Micronesia (Federated States Of),FSM,0.0000
2004,Monaco,MCO,0.0328
2004,Mongolia,MNG,0.2459
2004,Montenegro,MNE,0.0000
2004,Morocco,MAR,0.0328
2004,Mozambique,MOZ,0.0328
2004,Myanmar,MMR,0.0328
2004,Namibia,NAM,0.0000
2004,Nauru,NRU,0.0000
2004,Nepal,NPL,0.0656
2004,Netherlands,NLD,0.8033
2004,New Zealand,NZL,0.7705
2004,Nicaragua,NIC,0.0984
2004,Niger,NER,0.0000
2004,Nigeria,NGA,0.0656
2004,North Macedonia,MKD,0.1311
2004,Norway,NOR,0.3607
2004,Oman,OMN,0.0000
2004,Pakistan,PAK,0.1639
2004,Palau,PLW,0.0000
2004,Panama,PAN,0.2787
2004,Papua New Guinea,PNG,0.0164
2004,Paraguay,PRY,0.0164
2004,Peru,PER,0.2131
2004,Philippines,PHL,0.3607
2004,Poland,POL,0.3115
2004,Portugal,PRT,0.2131
2004,Qatar,QAT,0.0164
2004,Republic Of Korea,KOR,0.7705
2004,Republic Of Moldova,MDA,0.0164
2004,Romania,ROU,0.2131
2004,Russian Federation,RUS,0.2131
2004,Rwanda,RWA,0.0164
2004,Saint Kitts And Nevis,KNA,0.0164
2004,Saint Lucia,LCA,0.0492
2004,Saint Vincent And The Grenadines,VCT,0.0164
2004,Samoa,WSM,0.0164
2004,San Marino,SMR,0.0164
2004,Sao Tome And Principe,STP,0.0000
2004,Saudi Arabia,SAU,0.0492
2004,Senegal,SEN,0.0820
2004,Serbia,SRB,0.0328
2004,Seychelles,SYC,0.0492
2004,Sierra Leone,SLE,0.0492
2004,Singapore,SGP,0.8361
2004,Slovakia,SVK,0.1475
2004,Slovenia,SVN,0.2131
2004,Solomon Islands,SLB,0.0000
2004,Somalia,SOM,0.0000
2004,South Africa,ZAF,0.0984
2004,South Sudan,SSD,0.0000
2004,Spain,ESP,0.0328
2004,Sri Lanka,LKA,0.0328
2004,Sudan,SDN,0.0328
2004,Suriname,SUR,0.0000
2004,Sweden,SWE,0.5738
2004,Switzerland,CHE,0.2951
2004,Syrian Arab Republic,SYR,0.0000
2004,Tajikistan,TJK,0.0000
2004,Thailand,THA,0.2131
2004,Timor-Leste,TLS,0.0164
2004,Togo,TGO,0.0000
2004,Tonga,TON,0.0000
2004,Trinidad And Tobago,TTO,0.0820
2004,Tunisia,TUN,0.0164
2004,Turkey,TUR,0.2951
2004,Turkmenistan,TKM,0.0164
2004,Tuvalu,TUV,0.0000
2004,Uganda,UGA,0.0328
2004,Ukraine,UKR,0.3443
2004,United Arab Emirates,ARE,0.0492
2004,United Kingdom Of Great Britain And Northern Ireland,GBR,1.0000
2004,United Republic Of Tanzania,TZA,0.0164
2004,United States Of America,USA,0.9344
2004,Uruguay,URY,0.0656
2004,Uzbekistan,UZB,0.0164
2004,Vanuatu,VUT,0.0164
2004,Venezuela,VEN,0.2787
2004,Vietnam,VNM,0.0164
2004,Yemen,YEM,0.0328
2004,Zambia,ZMB,0.0000
2004,Zimbabwe,ZWE,0.0000
2005,Afghanistan,AFG,0.0159
2005,Albania,ALB,0.0317
2005,Algeria,DZA,0.0317
2005,Andorra,AND,0.0317
2005,Angola,AGO,0.0317
2005,Antigua And Barbuda,ATG,0.0317
2005,Argentina,ARG,0.2698
2005,Armenia,ARM,0.0635
2005,Australia,AUS,0.7143
2005,Austria,AUT,0.4127
2005,Azerbaijan,AZE,0.0159
2005,Bahamas,BHM,0.0317
2005,Bahrain,BHR,0.0476
2005,Bangladesh,BGD,0.0000
2005,Barbados,BRB,0.0476
2005,Belarus,BLR,0.2698
2005,Belgium,BEL,0.5079
2005,Belize,BLZ,0.0159
2005,Benin,BEN,0.0159
2005,Bhutan,BTN,0.0476
2005,Bolivia,BOL,0.0794
2005,Bosnia And Herzegovina,BIH,0.0159
2005,Botswana,BWA,0.0476
2005,Brazil,BRA,0.4921
2005,Brunei Darussalam,BRN,0.0317
2005,Bulgaria,BGR,0.2540
2005,Burkina Faso,BFA,0.0159
2005,Burundi,BDI,0.0000
2005,Cote d'Ivoire,CIV,0.0159
2005,Cabo Verde,CPV,0.0794
2005,Cambodia,KHM,0.1746
2005,Cameroon,CMR,0.0317
2005,Canada,CAN,0.8730
2005,Central African Republic,CAF,0.0000
2005,Chad,TCD,0.0000
2005,Chile,CHL,0.5873
2005,China,CHN,0.1905
2005,Colombia,COL,0.5873
2005,Comoros,COM,0.0159
2005,Congo,COD,0.0317
2005,Costa Rica,CRI,0.0476
2005,Croatia,HRV,0.1746
2005,Cuba,CUB,0.0159
2005,Cyprus,CYP,0.0794
2005,Czech Republic,CZE,0.2063
2005,Democratic People'S Republic Of Korea,PRK,0.0000
2005,Democratic Republic Of The Congo,COG,0.0000
2005,Denmark,DNK,0.7619
2005,Djibouti,DJI,0.0159
2005,Dominica,DMA,0.0000
2005,Dominican Republic,DOM,0.0635
2005,Ecuador,ECU,0.0635
2005,Egypt,EGY,0.0794
2005,El Salvador,SLV,0.1587
2005,Equatorial Guinea,GNQ,0.0000
2005,Eritrea,ERI,0.0317
2005,Estonia,EST,0.6190
2005,Eswatini,SWZ,0.0317
2005,Ethiopia,ETH,0.0000
2005,Fiji,FJI,0.0159
2005,Finland,FIN,0.5556
2005,France,FRA,0.4127
2005,Gabon,GAB,0.0000
2005,Gambia,GMB,0.0476
2005,Georgia,GEO,0.0159
2005,Germany,DEU,0.5556
2005,Ghana,GHA,0.0317
2005,Greece,GRC,0.1587
2005,Grenada,GRD,0.0000
2005,Guatemala,GTM,0.2698
2005,Guinea,GIN,0.0000
2005,Guinea-Bissau,GNB,0.0000
2005,Guyana,GUY,0.0317
2005,Haiti,HTI,0.0000
2005,Honduras,HND,0.2698
2005,Hungary,HUN,0.3810
2005,Iceland,ISL,0.1270
2005,India,IND,0.1587
2005,Indonesia,IDN,0.2857
2005,Iran (Islamic Republic Of),IRN,0.0317
2005,Iraq,IRQ,0.0000
2005,Ireland,IRL,0.1905
2005,Israel,ISR,0.3175
2005,Italy,ITA,0.2381
2005,Jamaica,JAM,0.0952
2005,Japan,JPN,0.4603
2005,Jordan,JOR,0.0476
2005,Kazakhstan,KAZ,0.2063
2005,Kenya,KEN,0.0317
2005,Kiribati,KIR,0.0000
2005,Kuwait,KWT,0.0000
2005,Kyrgyzstan,KGZ,0.1587
2005,Lao People'S Democratic Republic,LAO,0.0000
2005,Latvia,LVA,0.1746
2005,Lebanon,LBN,0.1111
2005,Lesotho,LSO,0.0159
2005,Liberia,LBR,0.0000
2005,Libya,LBY,0.0000
2005,Liechtenstein,LIE,0.0794
2005,Lithuania,LTU,0.1111
2005,Luxembourg,LUX,0.1429
2005,Madagascar,MDG,0.0476
2005,Malawi,MWI,0.0159
2005,Malaysia,MYS,0.1746
2005,Maldives,MDV,0.0317
2005,Mali,MLI,0.0000
2005,Malta,MLT,0.4762
2005,Marshall Islands,MHL,0.0000
2005,Mauritania,MRT,0.0317
2005,Mauritius,MUS,0.1270
2005,Mexico,MEX,0.7619
2005,Micronesia (Federated States Of),FSM,0.0000
2005,Monaco,MCO,0.0317
2005,Mongolia,MNG,0.2540
2005,Montenegro,MNE,0.0000
2005,Morocco,MAR,0.0317
2005,Mozambique,MOZ,0.3333
2005,Myanmar,MMR,0.0476
2005,Namibia,NAM,0.0000
2005,Nauru,NRU,0.0000
2005,Nepal,NPL,0.0794
2005,Netherlands,NLD,0.6984
2005,New Zealand,NZL,0.7937
2005,Nicaragua,NIC,0.1111
2005,Niger,NER,0.0000
2005,Nigeria,NGA,0.0794
2005,North Macedonia,MKD,0.1270
2005,Norway,NOR,0.3968
2005,Oman,OMN,0.0159
2005,Pakistan,PAK,0.1270
2005,Palau,PLW,0.0000
2005,Panama,PAN,0.2698
2005,Papua New Guinea,PNG,0.0317
2005,Paraguay,PRY,0.0159
2005,Peru,PER,0.2698
2005,Philippines,PHL,0.4762
2005,Poland,POL,0.3492
2005,Portugal,PRT,0.2063
2005,Qatar,QAT,0.0476
2005,Republic Of Korea,KOR,0.8730
2005,Republic Of Moldova,MDA,0.0000
2005,Romania,ROU,0.3175
2005,Russian Federation,RUS,0.1429
2005,Rwanda,RWA,0.0159
2005,Saint Kitts And Nevis,KNA,0.0635
2005,Saint Lucia,LCA,0.0476
2005,Saint Vincent And The Grenadines,VCT,0.0794
2005,Samoa,WSM,0.0159
2005,San Marino,SMR,0.0159
2005,Sao Tome And Principe,STP,0.0000
2005,Saudi Arabia,SAU,0.0635
2005,Senegal,SEN,0.0317
2005,Serbia,SRB,0.0476
2005,Seychelles,SYC,0.0476
2005,Sierra Leone,SLE,0.0635
2005,Singapore,SGP,0.9841
2005,Slovakia,SVK,0.1746
2005,Slovenia,SVN,0.2222
2005,Solomon Islands,SLB,0.0000
2005,Somalia,SOM,0.0000
2005,South Africa,ZAF,0.3016
2005,South Sudan,SSD,0.0000
2005,Spain,ESP,0.0794
2005,Sri Lanka,LKA,0.0476
2005,Sudan,SDN,0.0317
2005,Suriname,SUR,0.0000
2005,Sweden,SWE,0.5714
2005,Switzerland,CHE,0.4286
2005,Syrian Arab Republic,SYR,0.0000
2005,Tajikistan,TJK,0.0000
2005,Thailand,THA,0.2540
2005,Timor-Leste,TLS,0.0159
2005,Togo,TGO,0.0000
2005,Tonga,TON,0.0159
2005,Trinidad And Tobago,TTO,0.0794
2005,Tunisia,TUN,0.0000
2005,Turkey,TUR,0.2857
2005,Turkmenistan,TKM,0.0000
2005,Tuvalu,TUV,0.0000
2005,Uganda,UGA,0.0476
2005,Ukraine,UKR,0.3651
2005,United Arab Emirates,ARE,0.1270
2005,United Kingdom Of Great Britain And Northern Ireland,GBR,1.0000
2005,United Republic Of Tanzania,TZA,0.0317
2005,United States Of America,USA,0.9048
2005,Uruguay,URY,0.0635
2005,Uzbekistan,UZB,0.0317
2005,Vanuatu,VUT,0.0159
2005,Venezuela,VEN,0.4286
2005,Vietnam,VNM,0.1270
2005,Yemen,YEM,0.0000
2005,Zambia,ZMB,0.0000
2005,Zimbabwe,ZWE,0.0000
2008,Afghanistan,AFG,0.0455
2008,Albania,ALB,0.0227
2008,Algeria,DZA,0.0227
2008,Andorra,AND,0.0682
2008,Angola,AGO,0.1136
2008,Antigua And Barbuda,ATG,0.1364
2008,Argentina,ARG,0.4545
2008,Armenia,ARM,0.0455
2008,Australia,AUS,0.8864
2008,Austria,AUT,0.4773
2008,Azerbaijan,AZE,0.2500
2008,Bahamas,BHM,0.0455
2008,Bahrain,BHR,0.3409
2008,Bangladesh,BGD,0.1364
2008,Barbados,BRB,0.1364
2008,Belarus,BLR,0.0909
2008,Belgium,BEL,0.4091
2008,Belize,BLZ,0.1136
2008,Benin,BEN,0.1136
2008,Bhutan,BTN,0.5000
2008,Bolivia,BOL,0.4091
2008,Bosnia And Herzegovina,BIH,0.0909
2008,Botswana,BWA,0.2955
2008,Brazil,BRA,0.4545
2008,Brunei Darussalam,BRN,0.0909
2008,Bulgaria,BGR,0.0455
2008,Burkina Faso,BFA,0.2045
2008,Burundi,BDI,0.0455
2008,Cote d'Ivoire,CIV,0.0909
2008,Cabo Verde,CPV,0.1591
2008,Cambodia,KHM,0.2273
2008,Cameroon,CMR,0.1591
2008,Canada,CAN,0.6136
2008,Central African Republic,CAF,0.0000
2008,Chad,TCD,0.0000
2008,Chile,CHL,0.1818
2008,China,CHN,0.4773
2008,Colombia,COL,0.4318
2008,Comoros,COM,0.0682
2008,Congo,COD,0.1818
2008,Costa Rica,CRI,0.3636
2008,Croatia,HRV,0.1364
2008,Cuba,CUB,0.0909
2008,Cyprus,CYP,0.0909
2008,Czech Republic,CZE,0.2045
2008,Democratic People'S Republic Of Korea,PRK,0.0000
2008,Democratic Republic Of The Congo,COG,0.0000
2008,Denmark,DNK,0.9318
2008,Djibouti,DJI,0.0227
2008,Dominica,DMA,0.0000
2008,Dominican Republic,DOM,0.3182
2008,Ecuador,ECU,0.1136
2008,Egypt,EGY,0.2500
2008,El Salvador,SLV,0.3864
2008,Equatorial Guinea,GNQ,0.0000
2008,Eritrea,ERI,0.0455
2008,Estonia,EST,0.7273
2008,Eswatini,SWZ,0.1136
2008,Ethiopia,ETH,0.0000
2008,Fiji,FJI,0.0682
2008,Finland,FIN,0.2727
2008,France,FRA,0.9318
2008,Gabon,GAB,0.0455
2008,Gambia,GMB,0.0227
2008,Georgia,GEO,0.0455
2008,Germany,DEU,0.1591
2008,Ghana,GHA,0.2045
2008,Greece,GRC,0.0909
2008,Grenada,GRD,0.0000
2008,Guatemala,GTM,0.0455
2008,Guinea,GIN,0.0455
2008,Guinea-Bissau,GNB,0.0000
2008,Guyana,GUY,0.0682
2008,Haiti,HTI,0.0227
2008,Honduras,HND,0.2727
2008,Hungary,HUN,0.2045
2008,Iceland,ISL,0.0682
2008,India,IND,0.2500
2008,Indonesia,IDN,0.0455
2008,Iran (Islamic Republic Of),IRN,0.0909
2008,Iraq,IRQ,0.2045
2008,Ireland,IRL,0.2500
2008,Israel,ISR,0.3182
2008,Italy,ITA,0.2273
2008,Jamaica,JAM,0.1136
2008,Japan,JPN,0.6136
2008,Jordan,JOR,0.5455
2008,Kazakhstan,KAZ,0.0909
2008,Kenya,KEN,0.0455
2008,Kiribati,KIR,0.0227
2008,Kuwait,KWT,0.0682
2008,Kyrgyzstan,KGZ,0.1364
2008,Lao People'S Democratic Republic,LAO,0.0000
2008,Latvia,LVA,0.2273
2008,Lebanon,LBN,0.4091
2008,Lesotho,LSO,0.0909
2008,Liberia,LBR,0.0682
2008,Libya,LBY,0.2045
2008,Liechtenstein,LIE,0.1364
2008,Lithuania,LTU,0.4773
2008,Luxembourg,LUX,0.6136
2008,Madagascar,MDG,0.1364
2008,Malawi,MWI,0.0227
2008,Malaysia,MYS,0.2955
2008,Maldives,MDV,0.0227
2008,Mali,MLI,0.0909
2008,Malta,MLT,0.3864
2008,Marshall Islands,MHL,0.0000
2008,Mauritania,MRT,0.1136
2008,Mauritius,MUS,0.1136
2008,Mexico,MEX,0.7500
2008,Micronesia (Federated States Of),FSM,0.0227
2008,Monaco,MCO,0.0909
2008,Mongolia,MNG,0.2727
2008,Montenegro,MNE,0.0909
2008,Morocco,MAR,0.0000
2008,Mozambique,MOZ,0.4318
2008,Myanmar,MMR,0.0000
2008,Namibia,NAM,0.0455
2008,Nauru,NRU,0.0000
2008,Nepal,NPL,0.0227
2008,Netherlands,NLD,0.5227
2008,New Zealand,NZL,0.7955
2008,Nicaragua,NIC,0.0000
2008,Niger,NER,0.1136
2008,Nigeria,NGA,0.0682
2008,North Macedonia,MKD,0.0227
2008,Norway,NOR,0.5227
2008,Oman,OMN,0.2045
2008,Pakistan,PAK,0.0909
2008,Palau,PLW,0.0682
2008,Panama,PAN,0.1136
2008,Papua New Guinea,PNG,0.0455
2008,Paraguay,PRY,0.0682
2008,Peru,PER,0.1364
2008,Philippines,PHL,0.2727
2008,Poland,POL,0.2273
2008,Portugal,PRT,0.2500
2008,Qatar,QAT,0.1818
2008,Republic Of Korea,KOR,0.9773
2008,Republic Of Moldova,MDA,0.0682
2008,Romania,ROU,0.0455
2008,Russian Federation,RUS,0.0909
2008,Rwanda,RWA,0.0909
2008,Saint Kitts And Nevis,KNA,0.1591
2008,Saint Lucia,LCA,0.0682
2008,Saint Vincent And The Grenadines,VCT,0.0682
2008,Samoa,WSM,0.0682
2008,San Marino,SMR,0.0227
2008,Sao Tome And Principe,STP,0.0682
2008,Saudi Arabia,SAU,0.3182
2008,Senegal,SEN,0.2045
2008,Serbia,SRB,0.0682
2008,Seychelles,SYC,0.1136
2008,Sierra Leone,SLE,0.0227
2008,Singapore,SGP,0.6364
2008,Slovakia,SVK,0.0682
2008,Slovenia,SVN,0.2273
2008,Solomon Islands,SLB,0.0227
2008,Somalia,SOM,0.0000
2008,South Africa,ZAF,0.2500
2008,South Sudan,SSD,0.0000
2008,Spain,ESP,0.3636
2008,Sri Lanka,LKA,0.0682
2008,Sudan,SDN,0.2045
2008,Suriname,SUR,0.0000
2008,Sweden,SWE,0.6591
2008,Switzerland,CHE,0.4091
2008,Syrian Arab Republic,SYR,0.0455
2008,Tajikistan,TJK,0.0000
2008,Thailand,THA,0.2955
2008,Timor-Leste,TLS,0.0000
2008,Togo,TGO,0.2045
2008,Tonga,TON,0.0455
2008,Trinidad And Tobago,TTO,0.2045
2008,Tunisia,TUN,0.0227
2008,Turkey,TUR,0.1364
2008,Turkmenistan,TKM,0.0227
2008,Tuvalu,TUV,0.0000
2008,Uganda,UGA,0.0909
2008,Ukraine,UKR,0.5682
2008,United Arab Emirates,ARE,0.2955
2008,United Kingdom Of Great Britain And Northern Ireland,GBR,0.4318
2008,United Republic Of Tanzania,TZA,0.0227
2008,United States Of America,USA,1.0000
2008,Uruguay,URY,0.0682
2008,Uzbekistan,UZB,0.0909
2008,Vanuatu,VUT,0.0227
2008,Venezuela,VEN,0.3409
2008,Vietnam,VNM,0.5227
2008,Yemen,YEM,0.0000
2008,Zambia,ZMB,0.0000
2008,Zimbabwe,ZWE,0.0000
2010,Afghanistan,AFG,0.0571
2010,Albania,ALB,0.1286
2010,Algeria,DZA,0.0143
2010,Andorra,AND,0.1429
2010,Angola,AGO,0.0714
2010,Antigua And Barbuda,ATG,0.1571
2010,Argentina,ARG,0.2000
2010,Armenia,ARM,0.0429
2010,Australia,AUS,0.9143
2010,Austria,AUT,0.5000
2010,Azerbaijan,AZE,0.1714
2010,Bahamas,BHM,0.0714
2010,Bahrain,BHR,0.6714
2010,Bangladesh,BGD,0.1000
2010,Barbados,BRB,0.1000
2010,Belarus,BLR,0.2429
2010,Belgium,BEL,0.5857
2010,Belize,BLZ,0.1000
2010,Benin,BEN,0.0714
2010,Bhutan,BTN,0.0714
2010,Bolivia,BOL,0.2000
2010,Bosnia And Herzegovina,BIH,0.0429
2010,Botswana,BWA,0.1000
2010,Brazil,BRA,0.2857
2010,Brunei Darussalam,BRN,0.1714
2010,Bulgaria,BGR,0.3000
2010,Burkina Faso,BFA,0.0571
2010,Burundi,BDI,0.0143
2010,Cote d'Ivoire,CIV,0.1714
2010,Cabo Verde,CPV,0.1714
2010,Cambodia,KHM,0.1143
2010,Cameroon,CMR,0.1571
2010,Canada,CAN,0.7286
2010,Central African Republic,CAF,0.0000
2010,Chad,TCD,0.0571
2010,Chile,CHL,0.3429
2010,China,CHN,0.3714
2010,Colombia,COL,0.4429
2010,Comoros,COM,0.0571
2010,Congo,COD,0.1571
2010,Costa Rica,CRI,0.2000
2010,Croatia,HRV,0.4571
2010,Cuba,CUB,0.1143
2010,Cyprus,CYP,0.4857
2010,Czech Republic,CZE,0.1286
2010,Democratic People'S Republic Of Korea,PRK,0.0000
2010,Democratic Republic Of The Congo,COG,0.0143
2010,Denmark,DNK,0.6429
2010,Djibouti,DJI,0.0286
2010,Dominica,DMA,0.0286
2010,Dominican Republic,DOM,0.1857
2010,Ecuador,ECU,0.1571
2010,Egypt,EGY,0.2857
2010,El Salvador,SLV,0.0714
2010,Equatorial Guinea,GNQ,0.0857
2010,Eritrea,ERI,0.0286
2010,Estonia,EST,0.6857
2010,Eswatini,SWZ,0.0000
2010,Ethiopia,ETH,0.0429
2010,Fiji,FJI,0.0286
2010,Finland,FIN,0.4143
2010,France,FRA,0.6000
2010,Gabon,GAB,0.0286
2010,Gambia,GMB,0.0143
2010,Georgia,GEO,0.0571
2010,Germany,DEU,0.6143
2010,Ghana,GHA,0.0857
2010,Greece,GRC,0.2571
2010,Grenada,GRD,0.1429
2010,Guatemala,GTM,0.3143
2010,Guinea,GIN,0.0286
2010,Guinea-Bissau,GNB,0.0714
2010,Guyana,GUY,0.0857
2010,Haiti,HTI,0.0000
2010,Honduras,HND,0.1286
2010,Hungary,HUN,0.3143
2010,Iceland,ISL,0.0429
2010,India,IND,0.2000
2010,Indonesia,IDN,0.1286
2010,Iran (Islamic Republic Of),IRN,0.0714
2010,Iraq,IRQ,0.0429
2010,Ireland,IRL,0.4429
2010,Israel,ISR,0.4143
2010,Italy,ITA,0.2143
2010,Jamaica,JAM,0.0857
2010,Japan,JPN,0.7571
2010,Jordan,JOR,0.2857
2010,Kazakhstan,KAZ,0.5571
2010,Kenya,KEN,0.2286
2010,Kiribati,KIR,0.0143
2010,Kuwait,KWT,0.2286
2010,Kyrgyzstan,KGZ,0.4286
2010,Lao People'S Democratic Republic,LAO,0.1286
2010,Latvia,LVA,0.2714
2010,Lebanon,LBN,0.2714
2010,Lesotho,LSO,0.0857
2010,Liberia,LBR,0.0286
2010,Libya,LBY,0.1714
2010,Liechtenstein,LIE,0.1286
2010,Lithuania,LTU,0.5286
2010,Luxembourg,LUX,0.1714
2010,Madagascar,MDG,0.0571
2010,Malawi,MWI,0.0000
2010,Malaysia,MYS,0.6571
2010,Maldives,MDV,0.0714
2010,Mali,MLI,0.1143
2010,Malta,MLT,0.3429
2010,Marshall Islands,MHL,0.0286
2010,Mauritania,MRT,0.1143
2010,Mauritius,MUS,0.0571
2010,Mexico,MEX,0.3714
2010,Micronesia (Federated States Of),FSM,0.0143
2010,Monaco,MCO,0.0286
2010,Mongolia,MNG,0.4286
2010,Montenegro,MNE,0.1571
2010,Morocco,MAR,0.1286
2010,Mozambique,MOZ,0.1143
2010,Myanmar,MMR,0.0000
2010,Namibia,NAM,0.0143
2010,Nauru,NRU,0.0143
2010,Nepal,NPL,0.0571
2010,Netherlands,NLD,0.6000
2010,New Zealand,NZL,0.7714
2010,Nicaragua,NIC,0.3000
2010,Niger,NER,0.1000
2010,Nigeria,NGA,0.0143
2010,North Macedonia,MKD,0.2143
2010,Norway,NOR,0.5000
2010,Oman,OMN,0.1571
2010,Pakistan,PAK,0.1714
2010,Palau,PLW,0.0143
2010,Panama,PAN,0.0000
2010,Papua New Guinea,PNG,0.0143
2010,Paraguay,PRY,0.0143
2010,Peru,PER,0.1714
2010,Philippines,PHL,0.1857
2010,Poland,POL,0.2429
2010,Portugal,PRT,0.2714
2010,Qatar,QAT,0.1286
2010,Republic Of Korea,KOR,1.0000
2010,Republic Of Moldova,MDA,0.2000
2010,Romania,ROU,0.1857
2010,Russian Federation,RUS,0.1286
2010,Rwanda,RWA,0.0286
2010,Saint Kitts And Nevis,KNA,0.0143
2010,Saint Lucia,LCA,0.0286
2010,Saint Vincent And The Grenadines,VCT,0.0143
2010,Samoa,WSM,0.0143
2010,San Marino,SMR,0.0143
2010,Sao Tome And Principe,STP,0.0143
2010,Saudi Arabia,SAU,0.1000
2010,Senegal,SEN,0.0143
2010,Serbia,SRB,0.0429
2010,Seychelles,SYC,0.0429
2010,Sierra Leone,SLE,0.0000
2010,Singapore,SGP,0.6857
2010,Slovakia,SVK,0.0714
2010,Slovenia,SVN,0.5143
2010,Solomon Islands,SLB,0.0143
2010,Somalia,SOM,0.0000
2010,South Africa,ZAF,0.1857
2010,South Sudan,SSD,0.0000
2010,Spain,ESP,0.8286
2010,Sri Lanka,LKA,0.1429
2010,Sudan,SDN,0.1000
2010,Suriname,SUR,0.0000
2010,Sweden,SWE,0.4857
2010,Switzerland,CHE,0.2000
2010,Syrian Arab Republic,SYR,0.0143
2010,Tajikistan,TJK,0.0286
2010,Thailand,THA,0.0857
2010,Timor-Leste,TLS,0.0143
2010,Togo,TGO,0.1000
2010,Tonga,TON,0.0143
2010,Trinidad And Tobago,TTO,0.1286
2010,Tunisia,TUN,0.3000
2010,Turkey,TUR,0.2143
2010,Turkmenistan,TKM,0.0000
2010,Tuvalu,TUV,0.0000
2010,Uganda,UGA,0.0714
2010,Ukraine,UKR,0.2571
2010,United Arab Emirates,ARE,0.1286
2010,United Kingdom Of Great Britain And Northern Ireland,GBR,0.7714
2010,United Republic Of Tanzania,TZA,0.0429
2010,United States Of America,USA,0.7571
2010,Uruguay,URY,0.2571
2010,Uzbekistan,UZB,0.3143
2010,Vanuatu,VUT,0.0143
2010,Venezuela,VEN,0.1429
2010,Vietnam,VNM,0.0857
2010,Yemen,YEM,0.0429
2010,Zambia,ZMB,0.0000
2010,Zimbabwe,ZWE,0.0286
2012,Afghanistan,AFG,0.1316
2012,Albania,ALB,0.1053
2012,Algeria,DZA,0.0526
2012,Andorra,AND,0.1579
2012,Angola,AGO,0.0263
2012,Antigua And Barbuda,ATG,0.1316
2012,Argentina,ARG,0.2895
2012,Armenia,ARM,0.0000
2012,Australia,AUS,0.7632
2012,Austria,AUT,0.3684
2012,Azerbaijan,AZE,0.1316
2012,Bahamas,BHM,0.0789
2012,Bahrain,BHR,0.6579
2012,Bangladesh,BGD,0.0789
2012,Barbados,BRB,0.0263
2012,Belarus,BLR,0.0789
2012,Belgium,BEL,0.1316
2012,Belize,BLZ,0.1842
2012,Benin,BEN,0.0789
2012,Bhutan,BTN,0.0263
2012,Bolivia,BOL,0.2105
2012,Bosnia And Herzegovina,BIH,0.0000
2012,Botswana,BWA,0.0263
2012,Brazil,BRA,0.5000
2012,Brunei Darussalam,BRN,0.4737
2012,Bulgaria,BGR,0.0263
2012,Burkina Faso,BFA,0.1579
2012,Burundi,BDI,0.0000
2012,Cote d'Ivoire,CIV,0.1316
2012,Cabo Verde,CPV,0.2368
2012,Cambodia,KHM,0.0000
2012,Cameroon,CMR,0.0263
2012,Canada,CAN,0.6842
2012,Central African Republic,CAF,0.0000
2012,Chad,TCD,0.0263
2012,Chile,CHL,0.6579
2012,China,CHN,0.2105
2012,Colombia,COL,0.7368
2012,Comoros,COM,0.0000
2012,Congo,COD,0.0000
2012,Costa Rica,CRI,0.3158
2012,Croatia,HRV,0.2895
2012,Cuba,CUB,0.0526
2012,Cyprus,CYP,0.0789
2012,Czech Republic,CZE,0.2632
2012,Democratic People'S Republic Of Korea,PRK,0.0000
2012,Democratic Republic Of The Congo,COG,0.0263
2012,Denmark,DNK,0.5526
2012,Djibouti,DJI,0.0000
2012,Dominica,DMA,0.0263
2012,Dominican Republic,DOM,0.4737
2012,Ecuador,ECU,0.2368
2012,Egypt,EGY,0.6842
2012,El Salvador,SLV,0.5526
2012,Equatorial Guinea,GNQ,0.0263
2012,Eritrea,ERI,0.0263
2012,Estonia,EST,0.7632
2012,Eswatini,SWZ,0.0526
2012,Ethiopia,ETH,0.3421
2012,Fiji,FJI,0.0789
2012,Finland,FIN,0.7368
2012,France,FRA,0.5789
2012,Gabon,GAB,0.1053
2012,Gambia,GMB,0.0000
2012,Georgia,GEO,0.2105
2012,Germany,DEU,0.7632
2012,Ghana,GHA,0.1053
2012,Greece,GRC,0.3421
2012,Grenada,GRD,0.2105
2012,Guatemala,GTM,0.2368
2012,Guinea,GIN,0.0000
2012,Guinea-Bissau,GNB,0.0526
2012,Guyana,GUY,0.0000
2012,Haiti,HTI,0.0000
2012,Honduras,HND,0.1316
2012,Hungary,HUN,0.4474
2012,Iceland,ISL,0.1579
2012,India,IND,0.1842
2012,Indonesia,IDN,0.2105
2012,Iran (Islamic Republic Of),IRN,0.1842
2012,Iraq,IRQ,0.1053
2012,Ireland,IRL,0.1316
2012,Israel,ISR,0.8947
2012,Italy,ITA,0.2632
2012,Jamaica,JAM,0.0000
2012,Japan,JPN,0.7368
2012,Jordan,JOR,0.1053
2012,Kazakhstan,KAZ,0.9474
2012,Kenya,KEN,0.0526
2012,Kiribati,KIR,0.0263
2012,Kuwait,KWT,0.1842
2012,Kyrgyzstan,KGZ,0.2895
2012,Lao People'S Democratic Republic,LAO,0.0000
2012,Latvia,LVA,0.2105
2012,Lebanon,LBN,0.3158
2012,Lesotho,LSO,0.0263
2012,Liberia,LBR,0.0263
2012,Libya,LBY,0.0000
2012,Liechtenstein,LIE,0.2368
2012,Lithuania,LTU,0.5263
2012,Luxembourg,LUX,0.3947
2012,Madagascar,MDG,0.0263
2012,Malawi,MWI,0.0000
2012,Malaysia,MYS,0.5000
2012,Maldives,MDV,0.0263
2012,Mali,MLI,0.0000
2012,Malta,MLT,0.2632
2012,Marshall Islands,MHL,0.0000
2012,Mauritania,MRT,0.0000
2012,Mauritius,MUS,0.0789
2012,Mexico,MEX,0.5789
2012,Micronesia (Federated States Of),FSM,0.0263
2012,Monaco,MCO,0.1842
2012,Mongolia,MNG,0.6053
2012,Montenegro,MNE,0.3158
2012,Morocco,MAR,0.3947
2012,Mozambique,MOZ,0.1316
2012,Myanmar,MMR,0.0000
2012,Namibia,NAM,0.0263
2012,Nauru,NRU,0.0000
2012,Nepal,NPL,0.0263
2012,Netherlands,NLD,1.0000
2012,New Zealand,NZL,0.5789
2012,Nicaragua,NIC,0.1316
2012,Niger,NER,0.0000
2012,Nigeria,NGA,0.1842
2012,North Macedonia,MKD,0.1316
2012,Norway,NOR,0.6842
2012,Oman,OMN,0.4474
2012,Pakistan,PAK,0.1316
2012,Palau,PLW,0.0263
2012,Panama,PAN,0.3158
2012,Papua New Guinea,PNG,0.0000
2012,Paraguay,PRY,0.1579
2012,Peru,PER,0.3947
2012,Philippines,PHL,0.2105
2012,Poland,POL,0.1842
2012,Portugal,PRT,0.3684
2012,Qatar,QAT,0.6316
2012,Republic Of Korea,KOR,1.0000
2012,Republic Of Moldova,MDA,0.3947
2012,Romania,ROU,0.0789
2012,Russian Federation,RUS,0.6579
2012,Rwanda,RWA,0.0263
2012,Saint Kitts And Nevis,KNA,0.0526
2012,Saint Lucia,LCA,0.1053
2012,Saint Vincent And The Grenadines,VCT,0.1053
2012,Samoa,WSM,0.0000
2012,San Marino,SMR,0.0000
2012,Sao Tome And Principe,STP,0.0263
2012,Saudi Arabia,SAU,0.6316
2012,Senegal,SEN,0.2105
2012,Serbia,SRB,0.2368
2012,Seychelles,SYC,0.0789
2012,Sierra Leone,SLE,0.0526
2012,Singapore,SGP,0.9474
2012,Slovakia,SVK,0.1316
2012,Slovenia,SVN,0.2105
2012,Solomon Islands,SLB,0.0263
2012,Somalia,SOM,0.0789
2012,South Africa,ZAF,0.1579
2012,South Sudan,SSD,0.0000
2012,Spain,ESP,0.5000
2012,Sri Lanka,LKA,0.0789
2012,Sudan,SDN,0.0789
2012,Suriname,SUR,0.0000
2012,Sweden,SWE,0.6842
2012,Switzerland,CHE,0.3421
2012,Syrian Arab Republic,SYR,0.0263
2012,Tajikistan,TJK,0.0000
2012,Thailand,THA,0.3158
2012,Timor-Leste,TLS,0.0000
2012,Togo,TGO,0.0526
2012,Tonga,TON,0.0263
2012,Trinidad And Tobago,TTO,0.0789
2012,Tunisia,TUN,0.3684
2012,Turkey,TUR,0.0526
2012,Turkmenistan,TKM,0.0000
2012,Tuvalu,TUV,0.0000
2012,Uganda,UGA,0.0789
2012,Ukraine,UKR,0.1579
2012,United Arab Emirates,ARE,0.7368
2012,United Kingdom Of Great Britain And Northern Ireland,GBR,0.9211
2012,United Republic Of Tanzania,TZA,0.0789
2012,United States Of America,USA,0.9211
2012,Uruguay,URY,0.1842
2012,Uzbekistan,UZB,0.2368
2012,Vanuatu,VUT,0.0526
2012,Venezuela,VEN,0.2632
2012,Vietnam,VNM,0.1053
2012,Yemen,YEM,0.0000
2012,Zambia,ZMB,0.0263
2012,Zimbabwe,ZWE,0.0263
2014,Afghanistan,AFG,0.1373
2014,Albania,ALB,0.5294
2014,Algeria,DZA,0.0784
2014,Andorra,AND,0.4314
2014,Angola,AGO,0.2353
2014,Antigua And Barbuda,ATG,0.5098
2014,Argentina,ARG,0.5490
2014,Armenia,ARM,0.5294
2014,Australia,AUS,0.9412
2014,Austria,AUT,0.6275
2014,Azerbaijan,AZE,0.4314
2014,Bahamas,BHM,0.1961
2014,Bahrain,BHR,0.8235
2014,Bangladesh,BGD,0.3922
2014,Barbados,BRB,0.0980
2014,Belarus,BLR,0.3529
2014,Belgium,BEL,0.6275
2014,Belize,BLZ,0.2941
2014,Benin,BEN,0.1765
2014,Bhutan,BTN,0.3529
2014,Bolivia,BOL,0.4118
2014,Bosnia And Herzegovina,BIH,0.2353
2014,Botswana,BWA,0.3137
2014,Brazil,BRA,0.7059
2014,Brunei Darussalam,BRN,0.0588
2014,Bulgaria,BGR,0.2549
2014,Burkina Faso,BFA,0.1373
2014,Burundi,BDI,0.0588
2014,Cote d'Ivoire,CIV,0.1765
2014,Cabo Verde,CPV,0.0980
2014,Cambodia,KHM,0.1961
2014,Cameroon,CMR,0.1569
2014,Canada,CAN,0.8235
2014,Central African Republic,CAF,0.0392
2014,Chad,TCD,0.0784
2014,Chile,CHL,0.9412
2014,China,CHN,0.6471
2014,Colombia,COL,0.8824
2014,Comoros,COM,0.0392
2014,Congo,COD,0.0980
2014,Costa Rica,CRI,0.8235
2014,Croatia,HRV,0.3333
2014,Cuba,CUB,0.3529
2014,Cyprus,CYP,0.3137
2014,Czech Republic,CZE,0.2549
2014,Democratic People'S Republic Of Korea,PRK,0.0196
2014,Democratic Republic Of The Congo,COG,0.0196
2014,Denmark,DNK,0.5490
2014,Djibouti,DJI,0.0784
2014,Dominica,DMA,0.1176
2014,Dominican Republic,DOM,0.3333
2014,Ecuador,ECU,0.4902
2014,Egypt,EGY,0.5490
2014,El Salvador,SLV,0.6078
2014,Equatorial Guinea,GNQ,0.0196
2014,Eritrea,ERI,0.0000
2014,Estonia,EST,0.7647
2014,Eswatini,SWZ,0.1569
2014,Ethiopia,ETH,0.2549
2014,Fiji,FJI,0.3922
2014,Finland,FIN,0.7059
2014,France,FRA,0.9608
2014,Gabon,GAB,0.2157
2014,Gambia,GMB,0.2157
2014,Georgia,GEO,0.5882
2014,Germany,DEU,0.7059
2014,Ghana,GHA,0.3922
2014,Greece,GRC,0.8039
2014,Grenada,GRD,0.3922
2014,Guatemala,GTM,0.1961
2014,Guinea,GIN,0.0196
2014,Guinea-Bissau,GNB,0.0196
2014,Guyana,GUY,0.3333
2014,Haiti,HTI,0.1765
2014,Honduras,HND,0.3333
2014,Hungary,HUN,0.4510
2014,Iceland,ISL,0.4902
2014,India,IND,0.6275
2014,Indonesia,IDN,0.2941
2014,Iran (Islamic Republic Of),IRN,0.2941
2014,Iraq,IRQ,0.1373
2014,Ireland,IRL,0.6471
2014,Israel,ISR,0.8627
2014,Italy,ITA,0.7843
2014,Jamaica,JAM,0.1961
2014,Japan,JPN,0.9608
2014,Jordan,JOR,0.4706
2014,Kazakhstan,KAZ,0.7647
2014,Kenya,KEN,0.6471
2014,Kiribati,KIR,0.2941
2014,Kuwait,KWT,0.4314
2014,Kyrgyzstan,KGZ,0.4118
2014,Lao People'S Democratic Republic,LAO,0.1961
2014,Latvia,LVA,0.7059
2014,Lebanon,LBN,0.2941
2014,Lesotho,LSO,0.1373
2014,Liberia,LBR,0.1176
2014,Libya,LBY,0.0588
2014,Liechtenstein,LIE,0.2745
2014,Lithuania,LTU,0.6471
2014,Luxembourg,LUX,0.5490
2014,Madagascar,MDG,0.3529
2014,Malawi,MWI,0.2353
2014,Malaysia,MYS,0.5294
2014,Maldives,MDV,0.2745
2014,Mali,MLI,0.1569
2014,Malta,MLT,0.4706
2014,Marshall Islands,MHL,0.2549
2014,Mauritania,MRT,0.0784
2014,Mauritius,MUS,0.5294
2014,Mexico,MEX,0.6078
2014,Micronesia (Federated States Of),FSM,0.2549
2014,Monaco,MCO,0.0980
2014,Mongolia,MNG,0.6863
2014,Montenegro,MNE,0.5882
2014,Morocco,MAR,0.8039
2014,Mozambique,MOZ,0.3333
2014,Myanmar,MMR,0.0784
2014,Namibia,NAM,0.3333
2014,Nauru,NRU,0.0784
2014,Nepal,NPL,0.2941
2014,Netherlands,NLD,1.0000
2014,New Zealand,NZL,0.7843
2014,Nicaragua,NIC,0.0980
2014,Niger,NER,0.2353
2014,Nigeria,NGA,0.3333
2014,North Macedonia,MKD,0.2157
2014,Norway,NOR,0.6863
2014,Oman,OMN,0.7059
2014,Pakistan,PAK,0.3333
2014,Palau,PLW,0.2353
2014,Panama,PAN,0.4902
2014,Papua New Guinea,PNG,0.0000
2014,Paraguay,PRY,0.2549
2014,Peru,PER,0.7059
2014,Philippines,PHL,0.5686
2014,Poland,POL,0.4902
2014,Portugal,PRT,0.6471
2014,Qatar,QAT,0.6078
2014,Republic Of Korea,KOR,1.0000
2014,Republic Of Moldova,MDA,0.6275
2014,Romania,ROU,0.4706
2014,Russian Federation,RUS,0.6863
2014,Rwanda,RWA,0.5098
2014,Saint Kitts And Nevis,KNA,0.1176
2014,Saint Lucia,LCA,0.2745
2014,Saint Vincent And The Grenadines,VCT,0.1569
2014,Samoa,WSM,0.3922
2014,San Marino,SMR,0.1961
2014,Sao Tome And Principe,STP,0.0196
2014,Saudi Arabia,SAU,0.5686
2014,Senegal,SEN,0.3529
2014,Serbia,SRB,0.4118
2014,Seychelles,SYC,0.2549
2014,Sierra Leone,SLE,0.0980
2014,Singapore,SGP,0.9020
2014,Slovakia,SVK,0.6275
2014,Slovenia,SVN,0.3922
2014,Solomon Islands,SLB,0.0784
2014,Somalia,SOM,0.0392
2014,South Africa,ZAF,0.3333
2014,South Sudan,SSD,0.0588
2014,Spain,ESP,0.7843
2014,Sri Lanka,LKA,0.6471
2014,Sudan,SDN,0.2745
2014,Suriname,SUR,0.1373
2014,Sweden,SWE,0.6078
2014,Switzerland,CHE,0.3725
2014,Syrian Arab Republic,SYR,0.0980
2014,Tajikistan,TJK,0.1176
2014,Thailand,THA,0.5490
2014,Timor-Leste,TLS,0.2941
2014,Togo,TGO,0.0980
2014,Tonga,TON,0.3333
2014,Trinidad And Tobago,TTO,0.3137
2014,Tunisia,TUN,0.6471
2014,Turkey,TUR,0.4902
2014,Turkmenistan,TKM,0.1176
2014,Tuvalu,TUV,0.1176
2014,Uganda,UGA,0.1373
2014,Ukraine,UKR,0.4314
2014,United Arab Emirates,ARE,0.8431
2014,United Kingdom Of Great Britain And Northern Ireland,GBR,0.9608
2014,United Republic Of Tanzania,TZA,0.3922
2014,United States Of America,USA,0.9216
2014,Uruguay,URY,0.9804
2014,Uzbekistan,UZB,0.4706
2014,Vanuatu,VUT,0.1765
2014,Venezuela,VEN,0.5686
2014,Vietnam,VNM,0.4902
2014,Yemen,YEM,0.2745
2014,Zambia,ZMB,0.1765
2014,Zimbabwe,ZWE,0.4510
2016,Afghanistan,AFG,0.4237
2016,Albania,ALB,0.6441
2016,Algeria,DZA,0.1186
2016,Andorra,AND,0.4407
2016,Angola,AGO,0.4407
2016,Antigua And Barbuda,ATG,0.1695
2016,Argentina,ARG,0.6271
2016,Armenia,ARM,0.5254
2016,Australia,AUS,0.9831
2016,Austria,AUT,0.8814
2016,Azerbaijan,AZE,0.6780
2016,Bahamas,BHM,0.3390
2016,Bahrain,BHR,0.7458
2016,Bangladesh,BGD,0.5254
2016,Barbados,BRB,0.4237
2016,Belarus,BLR,0.5593
2016,Belgium,BEL,0.6441
2016,Belize,BLZ,0.2542
2016,Benin,BEN,0.1695
2016,Bhutan,BTN,0.3559
2016,Bolivia,BOL,0.5763
2016,Bosnia And Herzegovina,BIH,0.5085
2016,Botswana,BWA,0.2881
2016,Brazil,BRA,0.7288
2016,Brunei Darussalam,BRN,0.3729
2016,Bulgaria,BGR,0.6949
2016,Burkina Faso,BFA,0.2373
2016,Burundi,BDI,0.1525
2016,Cote d'Ivoire,CIV,0.1525
2016,Cabo Verde,CPV,0.4746
2016,Cambodia,KHM,0.0678
2016,Cameroon,CMR,0.1695
2016,Canada,CAN,0.9153
2016,Central African Republic,CAF,0.0000
2016,Chad,TCD,0.1525
2016,Chile,CHL,0.7458
2016,China,CHN,0.8136
2016,Colombia,COL,0.7627
2016,Comoros,COM,0.0170
2016,Congo,COD,0.0848
2016,Costa Rica,CRI,0.6441
2016,Croatia,HRV,0.7797
2016,Cuba,CUB,0.3220
2016,Cyprus,CYP,0.5254
2016,Czech Republic,CZE,0.5593
2016,Democratic People'S Republic Of Korea,PRK,0.0170
2016,Democratic Republic Of The Congo,COG,0.0848
2016,Denmark,DNK,0.8136
2016,Djibouti,DJI,0.0000
2016,Dominica,DMA,0.1864
2016,Dominican Republic,DOM,0.4915
2016,Ecuador,ECU,0.5763
2016,Egypt,EGY,0.4068
2016,El Salvador,SLV,0.5593
2016,Equatorial Guinea,GNQ,0.0848
2016,Eritrea,ERI,0.0170
2016,Estonia,EST,0.8136
2016,Eswatini,SWZ,0.2542
2016,Ethiopia,ETH,0.4915
2016,Fiji,FJI,0.2881
2016,Finland,FIN,0.9153
2016,France,FRA,0.8983
2016,Gabon,GAB,0.0678
2016,Gambia,GMB,0.2034
2016,Georgia,GEO,0.5593
2016,Germany,DEU,0.7627
2016,Ghana,GHA,0.4576
2016,Greece,GRC,0.6102
2016,Grenada,GRD,0.3220
2016,Guatemala,GTM,0.6271
2016,Guinea,GIN,0.0848
2016,Guinea-Bissau,GNB,0.1695
2016,Guyana,GUY,0.2542
2016,Haiti,HTI,0.1356
2016,Honduras,HND,0.3898
2016,Hungary,HUN,0.4915
2016,Iceland,ISL,0.6610
2016,India,IND,0.7627
2016,Indonesia,IDN,0.3729
2016,Iran (Islamic Republic Of),IRN,0.2034
2016,Iraq,IRQ,0.4237
2016,Ireland,IRL,0.7119
2016,Israel,ISR,0.8305
2016,Italy,ITA,0.9153
2016,Jamaica,JAM,0.2712
2016,Japan,JPN,0.9831
2016,Jordan,JOR,0.4576
2016,Kazakhstan,KAZ,0.5932
2016,Kenya,KEN,0.5254
2016,Kiribati,KIR,0.2542
2016,Kuwait,KWT,0.6441
2016,Kyrgyzstan,KGZ,0.5932
2016,Lao People'S Democratic Republic,LAO,0.2712
2016,Latvia,LVA,0.5254
2016,Lebanon,LBN,0.4915
2016,Lesotho,LSO,0.1186
2016,Liberia,LBR,0.2881
2016,Libya,LBY,0.1017
2016,Liechtenstein,LIE,0.6271
2016,Lithuania,LTU,0.8305
2016,Luxembourg,LUX,0.6949
2016,Madagascar,MDG,0.2034
2016,Malawi,MWI,0.2881
2016,Malaysia,MYS,0.6780
2016,Maldives,MDV,0.2203
2016,Mali,MLI,0.0678
2016,Malta,MLT,0.7797
2016,Marshall Islands,MHL,0.0509
2016,Mauritania,MRT,0.0509
2016,Mauritius,MUS,0.6610
2016,Mexico,MEX,0.8814
2016,Micronesia (Federated States Of),FSM,0.2203
2016,Monaco,MCO,0.2881
2016,Mongolia,MNG,0.7119
2016,Montenegro,MNE,0.8305
2016,Morocco,MAR,0.8305
2016,Mozambique,MOZ,0.2034
2016,Myanmar,MMR,0.1017
2016,Namibia,NAM,0.2373
2016,Nauru,NRU,0.0848
2016,Nepal,NPL,0.5085
2016,Netherlands,NLD,0.9492
2016,New Zealand,NZL,0.9492
2016,Nicaragua,NIC,0.4068
2016,Niger,NER,0.0848
2016,Nigeria,NGA,0.3559
2016,North Macedonia,MKD,0.6102
2016,Norway,NOR,0.7627
2016,Oman,OMN,0.5593
2016,Pakistan,PAK,0.3729
2016,Palau,PLW,0.0339
2016,Panama,PAN,0.3729
2016,Papua New Guinea,PNG,0.2034
2016,Paraguay,PRY,0.5763
2016,Peru,PER,0.5424
2016,Philippines,PHL,0.5932
2016,Poland,POL,0.8814
2016,Portugal,PRT,0.6610
2016,Qatar,QAT,0.6441
2016,Republic Of Korea,KOR,0.9661
2016,Republic Of Moldova,MDA,0.6610
2016,Romania,ROU,0.6271
2016,Russian Federation,RUS,0.7458
2016,Rwanda,RWA,0.4915
2016,Saint Kitts And Nevis,KNA,0.2712
2016,Saint Lucia,LCA,0.2373
2016,Saint Vincent And The Grenadines,VCT,0.2712
2016,Samoa,WSM,0.3051
2016,San Marino,SMR,0.1356
2016,Sao Tome And Principe,STP,0.0678
2016,Saudi Arabia,SAU,0.7119
2016,Senegal,SEN,0.3898
2016,Serbia,SRB,0.8305
2016,Seychelles,SYC,0.4068
2016,Sierra Leone,SLE,0.1186
2016,Singapore,SGP,0.9153
2016,Slovakia,SVK,0.5424
2016,Slovenia,SVN,0.7288
2016,Solomon Islands,SLB,0.2203
2016,Somalia,SOM,0.0339
2016,South Africa,ZAF,0.5593
2016,South Sudan,SSD,0.1017
2016,Spain,ESP,0.9322
2016,Sri Lanka,LKA,0.6610
2016,Sudan,SDN,0.2542
2016,Suriname,SUR,0.3390
2016,Sweden,SWE,0.7627
2016,Switzerland,CHE,0.5763
2016,Syrian Arab Republic,SYR,0.4576
2016,Tajikistan,TJK,0.2034
2016,Thailand,THA,0.5932
2016,Timor-Leste,TLS,0.2712
2016,Togo,TGO,0.3898
2016,Tonga,TON,0.3559
2016,Trinidad And Tobago,TTO,0.4407
2016,Tunisia,TUN,0.6949
2016,Turkey,TUR,0.6271
2016,Turkmenistan,TKM,0.0678
2016,Tuvalu,TUV,0.0000
2016,Uganda,UGA,0.4915
2016,Ukraine,UKR,0.7458
2016,United Arab Emirates,ARE,0.7458
2016,United Kingdom Of Great Britain And Northern Ireland,GBR,1.0000
2016,United Republic Of Tanzania,TZA,0.5932
2016,United States Of America,USA,0.8983
2016,Uruguay,URY,0.7119
2016,Uzbekistan,UZB,0.6780
2016,Vanuatu,VUT,0.2034
2016,Venezuela,VEN,0.4068
2016,Vietnam,VNM,0.6949
2016,Yemen,YEM,0.1356
2016,Zambia,ZMB,0.3559
2016,Zimbabwe,ZWE,0.2881
2018,Afghanistan,AFG,0.3202
2018,Albania,ALB,0.7584
2018,Algeria,DZA,0.2022
2018,Andorra,AND,0.5674
2018,Angola,AGO,0.4326
2018,Antigua And Barbuda,ATG,0.4607
2018,Argentina,ARG,0.6236
2018,Armenia,ARM,0.5674
2018,Australia,AUS,0.9831
2018,Austria,AUT,0.8258
2018,Azerbaijan,AZE,0.6798
2018,Bahamas,BHM,0.6180
2018,Bahrain,BHR,0.7978
2018,Bangladesh,BGD,0.8034
2018,Barbados,BRB,0.6236
2018,Belarus,BLR,0.8820
2018,Belgium,BEL,0.7584
2018,Belize,BLZ,0.2921
2018,Benin,BEN,0.3708
2018,Bhutan,BTN,0.5281
2018,Bolivia,BOL,0.5787
2018,Bosnia And Herzegovina,BIH,0.4326
2018,Botswana,BWA,0.1966
2018,Brazil,BRA,0.9719
2018,Brunei Darussalam,BRN,0.6067
2018,Bulgaria,BGR,0.8708
2018,Burkina Faso,BFA,0.6236
2018,Burundi,BDI,0.3090
2018,Cote d'Ivoire,CIV,0.1742
2018,Cabo Verde,CPV,0.4270
2018,Cambodia,KHM,0.1742
2018,Cameroon,CMR,0.3258
2018,Canada,CAN,0.9101
2018,Central African Republic,CAF,0.2753
2018,Chad,TCD,0.1461
2018,Chile,CHL,0.8202
2018,China,CHN,0.9045
2018,Colombia,COL,0.9213
2018,Comoros,COM,0.0562
2018,Congo,COD,0.1854
2018,Costa Rica,CRI,0.7697
2018,Croatia,HRV,0.7697
2018,Cuba,CUB,0.2809
2018,Cyprus,CYP,0.8202
2018,Czech Republic,CZE,0.6180
2018,Democratic People'S Republic Of Korea,PRK,0.0000
2018,Democratic Republic Of The Congo,COG,0.1236
2018,Denmark,DNK,1.0000
2018,Djibouti,DJI,0.2697
2018,Dominica,DMA,0.5562
2018,Dominican Republic,DOM,0.6798
2018,Ecuador,ECU,0.6742
2018,Egypt,EGY,0.5393
2018,El Salvador,SLV,0.6517
2018,Equatorial Guinea,GNQ,0.0506
2018,Eritrea,ERI,0.0337
2018,Estonia,EST,0.9101
2018,Eswatini,SWZ,0.3315
2018,Ethiopia,ETH,0.5730
2018,Fiji,FJI,0.3483
2018,Finland,FIN,1.0000
2018,France,FRA,0.9663
2018,Gabon,GAB,0.1685
2018,Gambia,GMB,0.2865
2018,Georgia,GEO,0.6236
2018,Germany,DEU,0.9213
2018,Ghana,GHA,0.6292
2018,Greece,GRC,0.8764
2018,Grenada,GRD,0.4888
2018,Guatemala,GTM,0.6180
2018,Guinea,GIN,0.3539
2018,Guinea-Bissau,GNB,0.1124
2018,Guyana,GUY,0.3371
2018,Haiti,HTI,0.4831
2018,Honduras,HND,0.5449
2018,Hungary,HUN,0.7079
2018,Iceland,ISL,0.6854
2018,India,IND,0.9551
2018,Indonesia,IDN,0.6180
2018,Iran (Islamic Republic Of),IRN,0.5281
2018,Iraq,IRQ,0.3371
2018,Ireland,IRL,0.9326
2018,Israel,ISR,0.8315
2018,Italy,ITA,0.9551
2018,Jamaica,JAM,0.3146
2018,Japan,JPN,0.9831
2018,Jordan,JOR,0.4831
2018,Kazakhstan,KAZ,0.8371
2018,Kenya,KEN,0.5337
2018,Kiribati,KIR,0.2528
2018,Kuwait,KWT,0.6910
2018,Kyrgyzstan,KGZ,0.6854
2018,Lao People'S Democratic Republic,LAO,0.1742
2018,Latvia,LVA,0.6854
2018,Lebanon,LBN,0.4438
2018,Lesotho,LSO,0.0787
2018,Liberia,LBR,0.4270
2018,Libya,LBY,0.1236
2018,Liechtenstein,LIE,0.7472
2018,Lithuania,LTU,0.8034
2018,Luxembourg,LUX,0.9382
2018,Madagascar,MDG,0.3258
2018,Malawi,MWI,0.2022
2018,Malaysia,MYS,0.8876
2018,Maldives,MDV,0.4101
2018,Mali,MLI,0.2416
2018,Malta,MLT,0.8483
2018,Marshall Islands,MHL,0.1742
2018,Mauritania,MRT,0.1798
2018,Mauritius,MUS,0.6910
2018,Mexico,MEX,0.9438
2018,Micronesia (Federated States Of),FSM,0.1404
2018,Monaco,MCO,0.5618
2018,Mongolia,MNG,0.7360
2018,Montenegro,MNE,0.7416
2018,Morocco,MAR,0.7753
2018,Mozambique,MOZ,0.4438
2018,Myanmar,MMR,0.1348
2018,Namibia,NAM,0.3933
2018,Nauru,NRU,0.1461
2018,Nepal,NPL,0.7809
2018,Netherlands,NLD,0.9888
2018,New Zealand,NZL,0.9831
2018,Nicaragua,NIC,0.3876
2018,Niger,NER,0.2135
2018,Nigeria,NGA,0.4831
2018,North Macedonia,MKD,0.7022
2018,Norway,NOR,0.9775
2018,Oman,OMN,0.8315
2018,Pakistan,PAK,0.5000
2018,Palau,PLW,0.2528
2018,Panama,PAN,0.7191
2018,Papua New Guinea,PNG,0.2022
2018,Paraguay,PRY,0.5730
2018,Peru,PER,0.8652
2018,Philippines,PHL,0.9382
2018,Poland,POL,0.8933
2018,Portugal,PRT,0.8989
2018,Qatar,QAT,0.7135
2018,Republic Of Korea,KOR,1.0000
2018,Republic Of Moldova,MDA,0.8596
2018,Romania,ROU,0.7079
2018,Russian Federation,RUS,0.9213
2018,Rwanda,RWA,0.7584
2018,Saint Kitts And Nevis,KNA,0.5843
2018,Saint Lucia,LCA,0.2191
2018,Saint Vincent And The Grenadines,VCT,0.5169
2018,Samoa,WSM,0.2640
2018,San Marino,SMR,0.2584
2018,Sao Tome And Principe,STP,0.1573
2018,Saudi Arabia,SAU,0.7135
2018,Senegal,SEN,0.5056
2018,Serbia,SRB,0.8146
2018,Seychelles,SYC,0.6461
2018,Sierra Leone,SLE,0.4101
2018,Singapore,SGP,0.9663
2018,Slovakia,SVK,0.8090
2018,Slovenia,SVN,0.8146
2018,Solomon Islands,SLB,0.2135
2018,Somalia,SOM,0.1348
2018,South Africa,ZAF,0.8483
2018,South Sudan,SSD,0.0899
2018,Spain,ESP,0.9831
2018,Sri Lanka,LKA,0.6292
2018,Sudan,SDN,0.1404
2018,Suriname,SUR,0.2416
2018,Sweden,SWE,0.9382
2018,Switzerland,CHE,0.8427
2018,Syrian Arab Republic,SYR,0.3652
2018,Tajikistan,TJK,0.3876
2018,Thailand,THA,0.6517
2018,Timor-Leste,TLS,0.2697
2018,Togo,TGO,0.5449
2018,Tonga,TON,0.4663
2018,Trinidad And Tobago,TTO,0.5787
2018,Tunisia,TUN,0.7978
2018,Turkey,TUR,0.8596
2018,Turkmenistan,TKM,0.1124
2018,Tuvalu,TUV,0.2191
2018,Uganda,UGA,0.6236
2018,Ukraine,UKR,0.6854
2018,United Arab Emirates,ARE,0.9438
2018,United Kingdom Of Great Britain And Northern Ireland,GBR,0.9831
2018,United Republic Of Tanzania,TZA,0.6180
2018,United States Of America,USA,0.9831
2018,Uruguay,URY,0.9157
2018,Uzbekistan,UZB,0.7584
2018,Vanuatu,VUT,0.4382
2018,Venezuela,VEN,0.4045
2018,Vietnam,VNM,0.6910
2018,Yemen,YEM,0.1180
2018,Zambia,ZMB,0.3989
2018,Zimbabwe,ZWE,0.2753
2020,Afghanistan,AFG,0.4643
2020,Albania,ALB,0.8452
2020,Algeria,DZA,0.1548
2020,Andorra,AND,0.5119
2020,Angola,AGO,0.4524
2020,Antigua And Barbuda,ATG,0.4881
2020,Argentina,ARG,0.8571
2020,Armenia,ARM,0.7500
2020,Australia,AUS,0.9643
2020,Austria,AUT,0.9762
2020,Azerbaijan,AZE,0.6905
2020,Bahamas,BHM,0.6190
2020,Bahrain,BHR,0.7738
2020,Bangladesh,BGD,0.5714
2020,Barbados,BRB,0.5952
2020,Belarus,BLR,0.7500
2020,Belgium,BEL,0.6548
2020,Belize,BLZ,0.2976
2020,Benin,BEN,0.5476
2020,Bhutan,BTN,0.6310
2020,Bolivia,BOL,0.5952
2020,Bosnia And Herzegovina,BIH,0.6071
2020,Botswana,BWA,0.3690
2020,Brazil,BRA,0.9048
2020,Brunei Darussalam,BRN,0.5476
2020,Bulgaria,BGR,0.8929
2020,Burkina Faso,BFA,0.5119
2020,Burundi,BDI,0.3333
2020,Cote d'Ivoire,CIV,0.4048
2020,Cabo Verde,CPV,0.4167
2020,Cambodia,KHM,0.4167
2020,Cameroon,CMR,0.4167
2020,Canada,CAN,0.9405
2020,Central African Republic,CAF,0.1429
2020,Chad,TCD,0.2619
2020,Chile,CHL,0.8571
2020,China,CHN,0.9643
2020,Colombia,COL,0.8690
2020,Comoros,COM,0.1190
2020,Congo,COD,0.2738
2020,Costa Rica,CRI,0.6548
2020,Croatia,HRV,0.8929
2020,Cuba,CUB,0.3571
2020,Cyprus,CYP,0.9524
2020,Czech Republic,CZE,0.7262
2020,Democratic People'S Republic Of Korea,PRK,0.0357
2020,Democratic Republic Of The Congo,COG,0.2024
2020,Denmark,DNK,0.9643
2020,Djibouti,DJI,0.2143
2020,Dominica,DMA,0.3571
2020,Dominican Republic,DOM,0.7738
2020,Ecuador,ECU,0.7976
2020,Egypt,EGY,0.5119
2020,El Salvador,SLV,0.6786
2020,Equatorial Guinea,GNQ,0.0714
2020,Eritrea,ERI,0.0000
2020,Estonia,EST,1.0000
2020,Eswatini,SWZ,0.4524
2020,Ethiopia,ETH,0.3333
2020,Fiji,FJI,0.4643
2020,Finland,FIN,0.9524
2020,France,FRA,0.9048
2020,Gabon,GAB,0.2738
2020,Gambia,GMB,0.0357
2020,Georgia,GEO,0.6429
2020,Germany,DEU,0.7500
2020,Ghana,GHA,0.6310
2020,Greece,GRC,0.7857
2020,Grenada,GRD,0.3333
2020,Guatemala,GTM,0.5000
2020,Guinea,GIN,0.3095
2020,Guinea-Bissau,GNB,0.0833
2020,Guyana,GUY,0.4524
2020,Haiti,HTI,0.2262
2020,Honduras,HND,0.4881
2020,Hungary,HUN,0.6786
2020,Iceland,ISL,0.7738
2020,India,IND,0.8571
2020,Indonesia,IDN,0.7500
2020,Iran (Islamic Republic Of),IRN,0.4643
2020,Iraq,IRQ,0.3095
2020,Ireland,IRL,0.8571
2020,Israel,ISR,0.7143
2020,Italy,ITA,0.8214
2020,Jamaica,JAM,0.3690
2020,Japan,JPN,0.9881
2020,Jordan,JOR,0.3333
2020,Kazakhstan,KAZ,0.8810
2020,Kenya,KEN,0.5952
2020,Kiribati,KIR,0.5595
2020,Kuwait,KWT,0.9048
2020,Kyrgyzstan,KGZ,0.7143
2020,Lao People'S Democratic Republic,LAO,0.2143
2020,Latvia,LVA,0.5833
2020,Lebanon,LBN,0.3333
2020,Lesotho,LSO,0.3452
2020,Liberia,LBR,0.2381
2020,Libya,LBY,0.0357
2020,Liechtenstein,LIE,0.6071
2020,Lithuania,LTU,0.7381
2020,Luxembourg,LUX,0.7024
2020,Madagascar,MDG,0.2976
2020,Malawi,MWI,0.4167
2020,Malaysia,MYS,0.8571
2020,Maldives,MDV,0.4405
2020,Mali,MLI,0.3214
2020,Malta,MLT,0.8333
2020,Marshall Islands,MHL,0.4286
2020,Mauritania,MRT,0.0952
2020,Mauritius,MUS,0.6429
2020,Mexico,MEX,0.8214
2020,Micronesia (Federated States Of),FSM,0.3333
2020,Monaco,MCO,0.3690
2020,Mongolia,MNG,0.6071
2020,Montenegro,MNE,0.5476
2020,Morocco,MAR,0.5119
2020,Mozambique,MOZ,0.5238
2020,Myanmar,MMR,0.2619
2020,Namibia,NAM,0.5000
2020,Nauru,NRU,0.2024
2020,Nepal,NPL,0.3690
2020,Netherlands,NLD,0.9643
2020,New Zealand,NZL,0.9881
2020,Nicaragua,NIC,0.5238
2020,Niger,NER,0.2976
2020,Nigeria,NGA,0.4881
2020,North Macedonia,MKD,0.8333
2020,Norway,NOR,0.9048
2020,Oman,OMN,0.8333
2020,Pakistan,PAK,0.5238
2020,Palau,PLW,0.3214
2020,Panama,PAN,0.5833
2020,Papua New Guinea,PNG,0.2143
2020,Paraguay,PRY,0.7500
2020,Peru,PER,0.7619
2020,Philippines,PHL,0.7500
2020,Poland,POL,0.9643
2020,Portugal,PRT,0.8214
2020,Qatar,QAT,0.6548
2020,Republic Of Korea,KOR,1.0000
2020,Republic Of Moldova,MDA,0.7619
2020,Romania,ROU,0.8095
2020,Russian Federation,RUS,0.8690
2020,Rwanda,RWA,0.6310
2020,Saint Kitts And Nevis,KNA,0.3333
2020,Saint Lucia,LCA,0.3929
2020,Saint Vincent And The Grenadines,VCT,0.4643
2020,Samoa,WSM,0.2500
2020,San Marino,SMR,0.3095
2020,Sao Tome And Principe,STP,0.2024
2020,Saudi Arabia,SAU,0.7143
2020,Senegal,SEN,0.4405
2020,Serbia,SRB,0.8214
2020,Seychelles,SYC,0.5714
2020,Sierra Leone,SLE,0.3929
2020,Singapore,SGP,0.9762
2020,Slovakia,SVK,0.7024
2020,Slovenia,SVN,0.8571
2020,Solomon Islands,SLB,0.3214
2020,Somalia,SOM,0.3571
2020,South Africa,ZAF,0.7500
2020,South Sudan,SSD,0.0238
2020,Spain,ESP,0.8452
2020,Sri Lanka,LKA,0.7143
2020,Sudan,SDN,0.2143
2020,Suriname,SUR,0.2500
2020,Sweden,SWE,0.8214
2020,Switzerland,CHE,0.9048
2020,Syrian Arab Republic,SYR,0.5119
2020,Tajikistan,TJK,0.3452
2020,Thailand,THA,0.7738
2020,Timor-Leste,TLS,0.4881
2020,Togo,TGO,0.5119
2020,Tonga,TON,0.3690
2020,Trinidad And Tobago,TTO,0.6190
2020,Tunisia,TUN,0.6905
2020,Turkey,TUR,0.8929
2020,Turkmenistan,TKM,0.2024
2020,Tuvalu,TUV,0.3571
2020,Uganda,UGA,0.5714
2020,Ukraine,UKR,0.8095
2020,United Arab Emirates,ARE,0.9405
2020,United Kingdom Of Great Britain And Northern Ireland,GBR,0.9762
2020,United Republic Of Tanzania,TZA,0.5595
2020,United States Of America,USA,1.0000
2020,Uruguay,URY,0.8571
2020,Uzbekistan,UZB,0.8095
2020,Vanuatu,VUT,0.3929
2020,Venezuela,VEN,0.2381
2020,Vietnam,VNM,0.7024
2020,Yemen,YEM,0.3095
2020,Zambia,ZMB,0.3095
2020,Zimbabwe,ZWE,0.4524
2022,Afghanistan,AFG,0.1932
2022,Albania,ALB,0.7614
2022,Algeria,DZA,0.2273
2022,Andorra,AND,0.3750
2022,Angola,AGO,0.1705
2022,Antigua And Barbuda,ATG,0.4205
2022,Argentina,ARG,0.6477
2022,Armenia,ARM,0.5795
2022,Australia,AUS,0.9886
2022,Austria,AUT,0.7727
2022,Azerbaijan,AZE,0.3864
2022,Bahamas,BHM,0.3977
2022,Bahrain,BHR,0.4432
2022,Bangladesh,BGD,0.5227
2022,Barbados,BRB,0.3977
2022,Belarus,BLR,0.4318
2022,Belgium,BEL,0.4545
2022,Belize,BLZ,0.2045
2022,Benin,BEN,0.3409
2022,Bhutan,BTN,0.4659
2022,Bolivia,BOL,0.3182
2022,Bosnia And Herzegovina,BIH,0.5341
2022,Botswana,BWA,0.1705
2022,Brazil,BRA,0.8977
2022,Brunei Darussalam,BRN,0.4773
2022,Bulgaria,BGR,0.7386
2022,Burkina Faso,BFA,0.2273
2022,Burundi,BDI,0.3409
2022,Cote d'Ivoire,CIV,0.3750
2022,Cabo Verde,CPV,0.2500
2022,Cambodia,KHM,0.2841
2022,Cameroon,CMR,0.2841
2022,Canada,CAN,0.8295
2022,Central African Republic,CAF,0.1364
2022,Chad,TCD,0.3182
2022,Chile,CHL,0.6932
2022,China,CHN,0.8636
2022,Colombia,COL,0.7159
2022,Comoros,COM,0.0114
2022,Congo,COD,0.2386
2022,Costa Rica,CRI,0.5568
2022,Croatia,HRV,0.7386
2022,Cuba,CUB,0.1364
2022,Cyprus,CYP,0.7500
2022,Czech Republic,CZE,0.6023
2022,Democratic People'S Republic Of Korea,PRK,0.0568
2022,Democratic Republic Of The Congo,COG,0.2500
2022,Denmark,DNK,0.8864
2022,Djibouti,DJI,0.1136
2022,Dominica,DMA,0.0909
2022,Dominican Republic,DOM,0.4545
2022,Ecuador,ECU,0.7045
2022,Egypt,EGY,0.3523
2022,El Salvador,SLV,0.3523
2022,Equatorial Guinea,GNQ,0.1591
2022,Eritrea,ERI,0.0227
2022,Estonia,EST,0.9773
2022,Eswatini,SWZ,0.1477
2022,Ethiopia,ETH,0.1932
2022,Fiji,FJI,0.2386
2022,Finland,FIN,0.9545
2022,France,FRA,0.7159
2022,Gabon,GAB,0.2045
2022,Gambia,GMB,0.2386
2022,Georgia,GEO,0.5341
2022,Germany,DEU,0.7273
2022,Ghana,GHA,0.4545
2022,Greece,GRC,0.6136
2022,Grenada,GRD,0.2045
2022,Guatemala,GTM,0.3295
2022,Guinea,GIN,0.2841
2022,Guinea-Bissau,GNB,0.0795
2022,Guyana,GUY,0.2159
2022,Haiti,HTI,0.1023
2022,Honduras,HND,0.1023
2022,Hungary,HUN,0.5114
2022,Iceland,ISL,0.7955
2022,India,IND,0.5909
2022,Indonesia,IDN,0.7159
2022,Iran (Islamicrepublicof),IRN,0.1818
2022,Iraq,IRQ,0.2159
2022,Ireland,IRL,0.6818
2022,Israel,ISR,0.7159
2022,Italy,ITA,0.7273
2022,Jamaica,JAM,0.2841
2022,Japan,JPN,1.0000
2022,Jordan,JOR,0.5455
2022,Kazakhstan,KAZ,0.8068
2022,Kenya,KEN,0.5795
2022,Kiribati,KIR,0.2955
2022,Kuwait,KWT,0.5455
2022,Kyrgyzstan,KGZ,0.5000
2022,Lao People'S Democratic Republic,LAO,0.2614
2022,Latvia,LVA,0.7386
2022,Lebanon,LBN,0.3977
2022,Lesotho,LSO,0.3068
2022,Liberia,LBR,0.2955
2022,Libya,LBY,0.0341
2022,Liechtenstein,LIE,0.5455
2022,Lithuania,LTU,0.5455
2022,Luxembourg,LUX,0.7500
2022,Madagascar,MDG,0.2841
2022,Malawi,MWI,0.3750
2022,Malaysia,MYS,0.6818
2022,Maldives,MDV,0.3068
2022,Mali,MLI,0.2727
2022,Malta,MLT,0.7614
2022,Marshall Islands,MHL,0.2614
2022,Mauritania,MRT,0.0227
2022,Mauritius,MUS,0.4205
2022,Mexico,MEX,0.7273
2022,Micronesia (Federated States Of),FSM,0.2159
2022,Monaco,MCO,0.1364
2022,Mongolia,MNG,0.6023
2022,Montenegro,MNE,0.4659
2022,Morocco,MAR,0.2727
2022,Mozambique,MOZ,0.1932
2022,Myanmar,MMR,0.3068
2022,Namibia,NAM,0.2500
2022,Nauru,NRU,0.2500
2022,Nepal,NPL,0.2386
2022,Netherlands,NLD,0.9659
2022,New Zealand,NZL,0.9545
2022,Nicaragua,NIC,0.2500
2022,Niger,NER,0.2500
2022,Nigeria,NGA,0.3068
2022,North Macedonia,MKD,0.6932
2022,Norway,NOR,0.6932
2022,Oman,OMN,0.6591
2022,Pakistan,PAK,0.3636
2022,Palau,PLW,0.2273
2022,Panama,PAN,0.5114
2022,Papua New Guinea,PNG,0.1705
2022,Paraguay,PRY,0.5114
2022,Peru,PER,0.7614
2022,Philippines,PHL,0.4886
2022,Poland,POL,0.6477
2022,Portugal,PRT,0.7273
2022,Qatar,QAT,0.3750
2022,Republic Of Korea,KOR,0.9432
2022,Republic Of Moldova,MDA,0.6818
2022,Romania,ROU,0.6250
2022,Russian Federation,RUS,0.6023
2022,Rwanda,RWA,0.6364
2022,Saint Kitts And Nevis,KNA,0.2045
2022,Saint Lucia,LCA,0.4091
2022,Saint Vincent And The Grenadines,VCT,0.3864
2022,Samoa,WSM,0.2727
2022,San Marino,SMR,0.1705
2022,Sao Tome And Principe,STP,0.0455
2022,Saudi Arabia,SAU,0.6932
2022,Senegal,SEN,0.3409
2022,Serbia,SRB,0.8068
2022,Seychelles,SYC,0.2273
2022,Sierra Leone,SLE,0.2045
2022,Singapore,SGP,0.9773
2022,Slovakia,SVK,0.4659
2022,Slovenia,SVN,0.7500
2022,Solomon Islands,SLB,0.2159
2022,Somalia,SOM,0.2500
2022,South Africa,ZAF,0.5909
2022,South Sudan,SSD,0.0000
2022,Spain,ESP,0.7500
2022,Sri Lanka,LKA,0.3523
2022,Sudan,SDN,0.0455
2022,Suriname,SUR,0.2045
2022,Sweden,SWE,0.7273
2022,Switzerland,CHE,0.7045
2022,Syrian Arab Republic,SYR,0.0682
2022,Tajikistan,TJK,0.2500
2022,Thailand,THA,0.7841
2022,Timor-Leste,TLS,0.4773
2022,Togo,TGO,0.3864
2022,Tonga,TON,0.2614
2022,Trinidad And Tobago,TTO,0.2386
2022,Tunisia,TUN,0.5455
2022,Turkey,TUR,0.7841
2022,Turkmenistan,TKM,0.1023
2022,Tuvalu,TUV,0.1705
2022,Uganda,UGA,0.4091
2022,Ukraine,UKR,0.6023
2022,United Arab Emirates,ARE,0.7841
2022,United Kingdom Of Great Britain And Northern Ireland,GBR,0.9545
2022,United Republic Of Tanzania,TZA,0.2727
2022,United States Of America,USA,0.9091
2022,Uruguay,URY,0.5909
2022,Uzbekistan,UZB,0.6136
2022,Vanuatu,VUT,0.3409
2022,Venezuela,VEN,0.1250
2022,Vietnam,VNM,0.5341
2022,Yemen,YEM,0.1932
2022,Zambia,ZMB,0.3750
2022,Zimbabwe,ZWE,0.2273
,,,
,,,
,,,
,,,
,,,
,,,
,,,
,,,
,,,
,,,
,,,
,,,
,,,
,,,
,,,
,,,
,,,
,,,
,,,
,,,
,,,
,,,
,,,
,,,
,,,
,,,
,,,
,,,
,,,
,,,
,,,
,,,
,,,
,,,
,,,
,,,
,,,
,,,
,,,
,,,
,,,
,,,
,,,
,,,
,,,
,,,
,,,
,,,
,,,
,,,
,,,
,,,
,,,
,,,
,,,
,,,
,,,
,,,
,,,
,,,
,,,
,,,
,,,
,,,
,,,
,,,
,,,
,,,
,,,
,,,
,,,
,,,
,,,
,,,
,,,
,,,
,,,
,,,
,,,
,,,
,,,
,,,
,,,
,,,
,,,
,,,
,,,
,,,
,,,
,,,
,,,
,,,
,,,
,,,
,,,
,,,
,,,
,,,
,,,
,,,
,,,
,,,
,,,
,,,
,,,
,,,
,,,
,,,
,,,
,,,
,,,
,,,
,,,
,,,
,,,
,,,
,,,
,,,
,,,
,,,
,,,
,,,
,,,
,,,
,,,
,,,
,,,
,,,
,,,
,,,
,,,
,,,
,,,
,,,
,,,
,,,
,,,
,,,
,,,
,,,
,,,
,,,
,,,
,,,
,,,
,,,
,,,
,,,
,,,
,,,
,,,
,,,
,,,
,,,
,,,
,,,
,,,
,,,
,,,
,,,
,,,
,,,
,,,
,,,
,,,
,,,
,,,
,,,
,,,
,,,
,,,
,,,
,,,
,,,
,,,
,,,
,,,
,,,
,,,
,,,
,,,
,,,
,,,
,,,
,,,
,,,
,,,
,,,
,,,
,,,
,,,
,,,
,,,
